                  epoch,         train/box_loss,         train/cls_loss,         train/dfl_loss,   metrics/precision(B),      metrics/recall(B),       metrics/mAP50(B),    metrics/mAP50-95(B),           val/box_loss,           val/cls_loss,           val/dfl_loss,                 lr/pg0,                 lr/pg1,                 lr/pg2
                      0,                0.99315,                 2.5659,                 1.4532,                0.00333,                      1,                0.93547,                0.63498,                0.48546,                 3.1581,                 1.1726,                 0.0784,                 0.0024,                 0.0024
                      1,                0.96785,                 1.7476,                 1.4251,                0.98169,                      1,                  0.995,                0.84971,                0.57523,                 2.6379,                 1.2333,                0.05493,              0.0039298,              0.0039298
                      2,                0.90277,                 1.2596,                 1.3276,                0.99427,                      1,                  0.995,                0.87398,                0.56399,                 2.3616,                 1.1838,                0.03047,              0.0044696,              0.0044696
                      3,                 1.0086,                 1.3506,                 1.4148,                0.99769,                      1,                  0.995,                0.84773,                0.58346,                 2.1395,                 1.1231,              0.0050194,              0.0040194,              0.0040194
                      4,                0.94443,                 1.2433,                 1.3864,                0.99836,                      1,                  0.995,                0.88778,                0.52262,                 1.6697,                  1.067,                0.00208,                0.00208,                0.00208
